epoch,framework,cpu_ticks
1790245061,stdlib,0
1790245061,chi,0
1790245061,gin,0
1790245061,echo,0
1790245061,fiber,0
1790245061,fasthttp,0
1790245062,stdlib,0
1790245062,chi,0
1790245062,gin,0
1790245062,echo,0
1790245062,fiber,0
1790245062,fasthttp,0
1790245063,stdlib,0
1790245063,chi,0
1790245063,gin,0
1790245063,echo,0
1790245063,fiber,0
1790245063,fasthttp,0
1790245064,stdlib,0
1790245064,chi,0
1790245064,gin,0
1790245064,echo,0
1790245064,fiber,0
1790245064,fasthttp,0
1790245065,stdlib,0
1790245065,chi,0
1790245065,gin,0
1790245065,echo,0
1790245065,fiber,0
1790245065,fasthttp,0
1790245066,stdlib,0
1790245066,chi,0
1790245066,gin,0
1790245066,echo,0
1790245066,fiber,0
1790245066,fasthttp,0
1790245067,stdlib,0
1790245067,chi,0
1790245067,gin,0
1790245067,echo,0
1790245067,fiber,0
1790245067,fasthttp,0
1790245068,stdlib,0
1790245068,chi,0
1790245068,gin,0
1790245068,echo,0
1790245068,fiber,0
1790245068,fasthttp,0
1790245069,stdlib,0
1790245069,chi,0
1790245069,gin,0
1790245069,echo,0
1790245069,fiber,0
1790245069,fasthttp,0
1790245070,stdlib,0
1790245070,chi,0
1790245070,gin,0
1790245070,echo,0
1790245070,fiber,0
1790245070,fasthttp,0
1790245071,stdlib,0
1790245071,chi,0
1790245071,gin,0
1790245071,echo,0
1790245071,fiber,0
1790245071,fasthttp,0
1790245072,stdlib,0
1790245072,chi,0
1790245072,gin,0
1790245072,echo,0
1790245072,fiber,0
1790245072,fasthttp,0
1790245073,stdlib,0
1790245073,chi,0
1790245073,gin,0
1790245073,echo,0
1790245073,fiber,0
1790245073,fasthttp,0
1790245074,stdlib,0
1790245074,chi,0
1790245074,gin,0
1790245074,echo,0
1790245074,fiber,0
1790245074,fasthttp,0
1790245075,stdlib,0
1790245075,chi,0
1790245075,gin,0
1790245075,echo,0
1790245075,fiber,0
1790245075,fasthttp,0
1790245076,stdlib,0
1790245076,chi,0
1790245076,gin,0
1790245076,echo,0
1790245076,fiber,0
1790245076,fasthttp,0
1790245077,stdlib,0
1790245077,chi,0
1790245077,gin,0
1790245077,echo,0
1790245077,fiber,0
1790245077,fasthttp,0
1790245078,stdlib,0
1790245078,chi,0
1790245078,gin,0
1790245078,echo,0
1790245078,fiber,0
1790245078,fasthttp,0
1790245079,stdlib,0
1790245079,chi,0
1790245079,gin,0
1790245079,echo,0
1790245079,fiber,0
1790245079,fasthttp,0
1790245080,stdlib,0
1790245080,chi,0
1790245080,gin,0
1790245080,echo,0
1790245080,fiber,0
1790245080,fasthttp,0
1790245081,stdlib,0
1790245081,chi,0
1790245081,gin,0
1790245081,echo,0
1790245081,fiber,0
1790245081,fasthttp,0
1790245082,stdlib,0
1790245082,chi,0
1790245082,gin,0
1790245082,echo,0
1790245082,fiber,0
1790245082,fasthttp,0
1790245083,stdlib,0
1790245083,chi,0
1790245083,gin,0
1790245083,echo,0
1790245083,fiber,0
1790245083,fasthttp,0
1790245084,stdlib,0
1790245084,chi,0
1790245084,gin,0
1790245084,echo,0
1790245084,fiber,0
1790245084,fasthttp,0
1790245085,stdlib,0
1790245085,chi,0
1790245085,gin,0
1790245085,echo,0
1790245085,fiber,0
1790245085,fasthttp,0
1790245086,stdlib,0
1790245086,chi,0
1790245086,gin,0
1790245086,echo,0
1790245086,fiber,0
1790245086,fasthttp,0
1790245087,stdlib,0
1790245087,chi,0
1790245087,gin,0
1790245087,echo,0
1790245087,fiber,0
1790245087,fasthttp,0
1790245088,stdlib,0
1790245088,chi,0
1790245088,gin,0
1790245088,echo,0
1790245088,fiber,0
1790245088,fasthttp,0
1790245089,stdlib,0
1790245089,chi,0
1790245089,gin,0
1790245089,echo,0
1790245089,fiber,0
1790245089,fasthttp,0
1790245090,stdlib,0
1790245090,chi,0
1790245090,gin,0
1790245090,echo,0
1790245090,fiber,0
1790245090,fasthttp,0
1790245091,stdlib,0
1790245091,chi,0
1790245091,gin,0
1790245091,echo,0
1790245091,fiber,0
1790245091,fasthttp,0
1790245092,stdlib,0
1790245092,chi,0
1790245092,gin,0
1790245092,echo,0
1790245092,fiber,0
1790245092,fasthttp,0
1790245093,stdlib,0
1790245093,chi,0
1790245093,gin,0
1790245093,echo,0
1790245093,fiber,0
1790245093,fasthttp,0
1790245094,stdlib,0
1790245094,chi,0
1790245094,gin,0
1790245094,echo,0
1790245094,fiber,0
1790245094,fasthttp,0
1790245095,stdlib,0
1790245095,chi,0
1790245095,gin,0
1790245095,echo,0
1790245095,fiber,0
1790245095,fasthttp,0
1790245096,stdlib,0
1790245096,chi,0
1790245096,gin,0
1790245096,echo,0
1790245096,fiber,0
1790245096,fasthttp,0
1790245097,stdlib,0
1790245097,chi,0
1790245097,gin,0
1790245097,echo,0
1790245097,fiber,0
1790245097,fasthttp,0
1790245098,stdlib,35
1790245098,chi,0
1790245098,gin,0
1790245098,echo,0
1790245098,fiber,0
1790245098,fasthttp,0
1790245099,stdlib,74
1790245099,chi,0
1790245099,gin,0
1790245099,echo,0
1790245099,fiber,0
1790245099,fasthttp,0
1790245100,stdlib,112
1790245100,chi,0
1790245100,gin,0
1790245100,echo,0
1790245100,fiber,0
1790245100,fasthttp,0
1790245101,stdlib,150
1790245101,chi,0
1790245101,gin,0
1790245101,echo,0
1790245101,fiber,0
1790245101,fasthttp,0
1790245102,stdlib,188
1790245102,chi,0
1790245102,gin,0
1790245102,echo,0
1790245102,fiber,0
1790245102,fasthttp,0
1790245103,stdlib,227
1790245103,chi,0
1790245103,gin,0
1790245103,echo,0
1790245103,fiber,0
1790245103,fasthttp,0
1790245104,stdlib,266
1790245104,chi,0
1790245104,gin,0
1790245104,echo,0
1790245104,fiber,0
1790245104,fasthttp,0
1790245105,stdlib,305
1790245105,chi,0
1790245105,gin,0
1790245105,echo,0
1790245105,fiber,0
1790245105,fasthttp,0
1790245106,stdlib,342
1790245106,chi,0
1790245106,gin,0
1790245106,echo,0
1790245106,fiber,0
1790245106,fasthttp,0
1790245107,stdlib,382
1790245107,chi,0
1790245107,gin,0
1790245107,echo,0
1790245107,fiber,0
1790245107,fasthttp,0
1790245108,stdlib,420
1790245108,chi,0
1790245108,gin,0
1790245108,echo,0
1790245108,fiber,0
1790245108,fasthttp,0
1790245109,stdlib,459
1790245109,chi,0
1790245109,gin,0
1790245109,echo,0
1790245109,fiber,0
1790245109,fasthttp,0
1790245110,stdlib,496
1790245110,chi,0
1790245110,gin,0
1790245110,echo,0
1790245110,fiber,0
1790245110,fasthttp,0
1790245111,stdlib,535
1790245111,chi,0
1790245111,gin,0
1790245111,echo,0
1790245111,fiber,0
1790245111,fasthttp,0
1790245112,stdlib,575
1790245112,chi,0
1790245112,gin,0
1790245112,echo,0
1790245112,fiber,0
1790245112,fasthttp,0
1790245114,stdlib,607
1790245114,chi,0
1790245114,gin,0
1790245114,echo,0
1790245114,fiber,0
1790245114,fasthttp,0
1790245115,stdlib,644
1790245115,chi,0
1790245115,gin,0
1790245115,echo,0
1790245115,fiber,0
1790245115,fasthttp,0
1790245116,stdlib,681
1790245116,chi,0
1790245116,gin,0
1790245116,echo,0
1790245116,fiber,0
1790245116,fasthttp,0
1790245117,stdlib,719
1790245117,chi,0
1790245117,gin,0
1790245117,echo,0
1790245117,fiber,0
1790245117,fasthttp,0
1790245118,stdlib,756
1790245118,chi,0
1790245118,gin,0
1790245118,echo,0
1790245118,fiber,0
1790245118,fasthttp,0
1790245119,stdlib,795
1790245119,chi,0
1790245119,gin,0
1790245119,echo,0
1790245119,fiber,0
1790245119,fasthttp,0
1790245120,stdlib,833
1790245120,chi,0
1790245120,gin,0
1790245120,echo,0
1790245120,fiber,0
1790245120,fasthttp,0
1790245121,stdlib,870
1790245121,chi,0
1790245121,gin,0
1790245121,echo,0
1790245121,fiber,0
1790245121,fasthttp,0
1790245122,stdlib,908
1790245122,chi,0
1790245122,gin,0
1790245122,echo,0
1790245122,fiber,0
1790245122,fasthttp,0
1790245123,stdlib,946
1790245123,chi,0
1790245123,gin,0
1790245123,echo,0
1790245123,fiber,0
1790245123,fasthttp,0
1790245124,stdlib,983
1790245124,chi,0
1790245124,gin,0
1790245124,echo,0
1790245124,fiber,0
1790245124,fasthttp,0
1790245125,stdlib,1022
1790245125,chi,0
1790245125,gin,0
1790245125,echo,0
1790245125,fiber,0
1790245125,fasthttp,0
1790245126,stdlib,1060
1790245126,chi,0
1790245126,gin,0
1790245126,echo,0
1790245126,fiber,0
1790245126,fasthttp,0
1790245127,stdlib,1098
1790245127,chi,0
1790245127,gin,0
1790245127,echo,0
1790245127,fiber,0
1790245127,fasthttp,0
1790245128,stdlib,1136
1790245128,chi,0
1790245128,gin,0
1790245128,echo,0
1790245128,fiber,0
1790245128,fasthttp,0
1790245129,stdlib,1174
1790245129,chi,0
1790245129,gin,0
1790245129,echo,0
1790245129,fiber,0
1790245129,fasthttp,0
1790245130,stdlib,1212
1790245130,chi,0
1790245130,gin,0
1790245130,echo,0
1790245130,fiber,0
1790245130,fasthttp,0
1790245131,stdlib,1250
1790245131,chi,0
1790245131,gin,0
1790245131,echo,0
1790245131,fiber,0
1790245131,fasthttp,0
1790245132,stdlib,1289
1790245132,chi,0
1790245132,gin,0
1790245132,echo,0
1790245132,fiber,0
1790245132,fasthttp,0
1790245133,stdlib,1328
1790245133,chi,0
1790245133,gin,0
1790245133,echo,0
1790245133,fiber,0
1790245133,fasthttp,0
1790245134,stdlib,1366
1790245134,chi,0
1790245134,gin,0
1790245134,echo,0
1790245134,fiber,0
1790245134,fasthttp,0
1790245135,stdlib,1405
1790245135,chi,0
1790245135,gin,0
1790245135,echo,0
1790245135,fiber,0
1790245135,fasthttp,0
1790245136,stdlib,1443
1790245136,chi,0
1790245136,gin,0
1790245136,echo,0
1790245136,fiber,0
1790245136,fasthttp,0
1790245137,stdlib,1481
1790245137,chi,0
1790245137,gin,0
1790245137,echo,0
1790245137,fiber,0
1790245137,fasthttp,0
1790245138,stdlib,1520
1790245138,chi,0
1790245138,gin,0
1790245138,echo,0
1790245138,fiber,0
1790245138,fasthttp,0
1790245139,stdlib,1559
1790245139,chi,0
1790245139,gin,0
1790245139,echo,0
1790245139,fiber,0
1790245139,fasthttp,0
1790245140,stdlib,1598
1790245140,chi,0
1790245140,gin,0
1790245140,echo,0
1790245140,fiber,0
1790245140,fasthttp,0
1790245141,stdlib,1638
1790245141,chi,0
1790245141,gin,0
1790245141,echo,0
1790245141,fiber,0
1790245141,fasthttp,0
1790245142,stdlib,1677
1790245142,chi,0
1790245142,gin,0
1790245142,echo,0
1790245142,fiber,0
1790245142,fasthttp,0
1790245143,stdlib,1716
1790245143,chi,0
1790245143,gin,0
1790245143,echo,0
1790245143,fiber,0
1790245143,fasthttp,0
1790245144,stdlib,1756
1790245144,chi,0
1790245144,gin,0
1790245144,echo,0
1790245144,fiber,0
1790245144,fasthttp,0
1790245145,stdlib,1794
1790245145,chi,0
1790245145,gin,0
1790245145,echo,0
1790245145,fiber,0
1790245145,fasthttp,0
1790245146,stdlib,1831
1790245146,chi,0
1790245146,gin,0
1790245146,echo,0
1790245146,fiber,0
1790245146,fasthttp,0
1790245147,stdlib,1868
1790245147,chi,0
1790245147,gin,0
1790245147,echo,0
1790245147,fiber,0
1790245147,fasthttp,0
1790245148,stdlib,1906
1790245148,chi,0
1790245148,gin,0
1790245148,echo,0
1790245148,fiber,0
1790245148,fasthttp,0
1790245149,stdlib,1944
1790245149,chi,0
1790245149,gin,0
1790245149,echo,0
1790245149,fiber,0
1790245149,fasthttp,0
1790245150,stdlib,1982
1790245150,chi,0
1790245150,gin,0
1790245150,echo,0
1790245150,fiber,0
1790245150,fasthttp,0
1790245151,stdlib,2020
1790245151,chi,0
1790245151,gin,0
1790245151,echo,0
1790245151,fiber,0
1790245151,fasthttp,0
1790245152,stdlib,2058
1790245152,chi,0
1790245152,gin,0
1790245152,echo,0
1790245152,fiber,0
1790245152,fasthttp,0
1790245153,stdlib,2082
1790245153,chi,0
1790245153,gin,0
1790245153,echo,0
1790245153,fiber,0
1790245153,fasthttp,0
1790245154,stdlib,2082
1790245154,chi,0
1790245154,gin,0
1790245154,echo,0
1790245154,fiber,0
1790245154,fasthttp,0
1790245155,stdlib,2082
1790245155,chi,0
1790245155,gin,0
1790245155,echo,0
1790245155,fiber,0
1790245155,fasthttp,0
1790245156,stdlib,2082
1790245156,chi,0
1790245156,gin,0
1790245156,echo,0
1790245156,fiber,0
1790245156,fasthttp,0
1790245157,stdlib,2082
1790245157,chi,0
1790245157,gin,0
1790245157,echo,0
1790245157,fiber,0
1790245157,fasthttp,0
1790245158,stdlib,2082
1790245158,chi,0
1790245158,gin,0
1790245158,echo,0
1790245158,fiber,0
1790245158,fasthttp,0
1790245159,stdlib,2082
1790245159,chi,0
1790245159,gin,0
1790245159,echo,0
1790245159,fiber,0
1790245159,fasthttp,0
1790245160,stdlib,2082
1790245160,chi,0
1790245160,gin,0
1790245160,echo,0
1790245160,fiber,0
1790245160,fasthttp,0
1790245161,stdlib,2082
1790245161,chi,0
1790245161,gin,0
1790245161,echo,0
1790245161,fiber,0
1790245161,fasthttp,0
1790245162,stdlib,2082
1790245162,chi,0
1790245162,gin,0
1790245162,echo,0
1790245162,fiber,0
1790245162,fasthttp,0
1790245163,stdlib,2113
1790245163,chi,0
1790245163,gin,0
1790245163,echo,0
1790245163,fiber,0
1790245163,fasthttp,0
1790245164,stdlib,2184
1790245164,chi,0
1790245164,gin,0
1790245164,echo,0
1790245164,fiber,0
1790245164,fasthttp,0
1790245165,stdlib,2255
1790245165,chi,0
1790245165,gin,0
1790245165,echo,0
1790245165,fiber,0
1790245165,fasthttp,0
1790245166,stdlib,2328
1790245166,chi,0
1790245166,gin,0
1790245166,echo,0
1790245166,fiber,0
1790245166,fasthttp,0
1790245167,stdlib,2399
1790245167,chi,0
1790245167,gin,0
1790245167,echo,0
1790245167,fiber,0
1790245167,fasthttp,0
1790245168,stdlib,2469
1790245168,chi,0
1790245168,gin,0
1790245168,echo,0
1790245168,fiber,0
1790245168,fasthttp,0
1790245169,stdlib,2540
1790245169,chi,0
1790245169,gin,0
1790245169,echo,0
1790245169,fiber,0
1790245169,fasthttp,0
1790245170,stdlib,2611
1790245170,chi,0
1790245170,gin,0
1790245170,echo,0
1790245170,fiber,0
1790245170,fasthttp,0
1790245171,stdlib,2682
1790245171,chi,0
1790245171,gin,0
1790245171,echo,0
1790245171,fiber,0
1790245171,fasthttp,0
1790245172,stdlib,2752
1790245172,chi,0
1790245172,gin,0
1790245172,echo,0
1790245172,fiber,0
1790245172,fasthttp,0
1790245173,stdlib,2824
1790245173,chi,0
1790245173,gin,0
1790245173,echo,0
1790245173,fiber,0
1790245173,fasthttp,0
1790245174,stdlib,2894
1790245174,chi,0
1790245174,gin,0
1790245174,echo,0
1790245174,fiber,0
1790245174,fasthttp,0
1790245175,stdlib,2966
1790245175,chi,0
1790245175,gin,0
1790245175,echo,0
1790245175,fiber,0
1790245175,fasthttp,0
1790245176,stdlib,3036
1790245176,chi,0
1790245176,gin,0
1790245176,echo,0
1790245176,fiber,0
1790245176,fasthttp,0
1790245177,stdlib,3107
1790245177,chi,0
1790245177,gin,0
1790245177,echo,0
1790245177,fiber,0
1790245177,fasthttp,0
1790245178,stdlib,3179
1790245178,chi,0
1790245178,gin,0
1790245178,echo,0
1790245178,fiber,1
1790245178,fasthttp,0
1790245179,stdlib,3249
1790245179,chi,0
1790245179,gin,0
1790245179,echo,0
1790245179,fiber,1
1790245179,fasthttp,0
1790245180,stdlib,3320
1790245180,chi,0
1790245180,gin,0
1790245180,echo,0
1790245180,fiber,1
1790245180,fasthttp,0
1790245181,stdlib,3390
1790245181,chi,0
1790245181,gin,0
1790245181,echo,0
1790245181,fiber,1
1790245181,fasthttp,0
1790245182,stdlib,3462
1790245182,chi,0
1790245182,gin,0
1790245182,echo,0
1790245182,fiber,1
1790245182,fasthttp,0
1790245183,stdlib,3534
1790245183,chi,0
1790245183,gin,0
1790245183,echo,0
1790245183,fiber,1
1790245183,fasthttp,0
1790245184,stdlib,3605
1790245184,chi,0
1790245184,gin,0
1790245184,echo,0
1790245184,fiber,1
1790245184,fasthttp,0
1790245185,stdlib,3677
1790245185,chi,0
1790245185,gin,0
1790245185,echo,0
1790245185,fiber,1
1790245185,fasthttp,0
1790245186,stdlib,3747
1790245186,chi,0
1790245186,gin,0
1790245186,echo,0
1790245186,fiber,1
1790245186,fasthttp,0
1790245187,stdlib,3818
1790245187,chi,0
1790245187,gin,0
1790245187,echo,0
1790245187,fiber,1
1790245187,fasthttp,0
1790245188,stdlib,3888
1790245188,chi,0
1790245188,gin,0
1790245188,echo,0
1790245188,fiber,1
1790245188,fasthttp,0
1790245189,stdlib,3960
1790245189,chi,0
1790245189,gin,0
1790245189,echo,0
1790245189,fiber,1
1790245189,fasthttp,0
1790245190,stdlib,4033
1790245190,chi,0
1790245190,gin,0
1790245190,echo,0
1790245190,fiber,1
1790245190,fasthttp,0
1790245191,stdlib,4104
1790245191,chi,0
1790245191,gin,0
1790245191,echo,0
1790245191,fiber,1
1790245191,fasthttp,0
1790245192,stdlib,4177
1790245192,chi,0
1790245192,gin,0
1790245192,echo,0
1790245192,fiber,1
1790245192,fasthttp,0
1790245193,stdlib,4250
1790245193,chi,0
1790245193,gin,0
1790245193,echo,0
1790245193,fiber,1
1790245193,fasthttp,0
1790245194,stdlib,4322
1790245194,chi,0
1790245194,gin,0
1790245194,echo,0
1790245194,fiber,1
1790245194,fasthttp,0
1790245195,stdlib,4394
1790245195,chi,0
1790245195,gin,0
1790245195,echo,0
1790245195,fiber,1
1790245195,fasthttp,0
1790245196,stdlib,4467
1790245196,chi,0
1790245196,gin,0
1790245196,echo,0
1790245196,fiber,1
1790245196,fasthttp,0
1790245197,stdlib,4537
1790245197,chi,0
1790245197,gin,0
1790245197,echo,0
1790245197,fiber,1
1790245197,fasthttp,0
1790245198,stdlib,4610
1790245198,chi,0
1790245198,gin,0
1790245198,echo,0
1790245198,fiber,1
1790245198,fasthttp,0
1790245199,stdlib,4682
1790245199,chi,0
1790245199,gin,0
1790245199,echo,0
1790245199,fiber,1
1790245199,fasthttp,0
1790245200,stdlib,4753
1790245200,chi,0
1790245200,gin,0
1790245200,echo,0
1790245200,fiber,1
1790245200,fasthttp,0
1790245201,stdlib,4824
1790245201,chi,0
1790245201,gin,0
1790245201,echo,0
1790245201,fiber,1
1790245201,fasthttp,0
1790245203,stdlib,4898
1790245203,chi,0
1790245203,gin,0
1790245203,echo,0
1790245203,fiber,1
1790245203,fasthttp,0
1790245204,stdlib,4901
1790245204,chi,0
1790245204,gin,0
1790245204,echo,0
1790245204,fiber,1
1790245204,fasthttp,0
1790245205,stdlib,4901
1790245205,chi,0
1790245205,gin,0
1790245205,echo,0
1790245205,fiber,1
1790245205,fasthttp,0
1790245206,stdlib,4901
1790245206,chi,0
1790245206,gin,0
1790245206,echo,0
1790245206,fiber,1
1790245206,fasthttp,0
1790245207,stdlib,4901
1790245207,chi,0
1790245207,gin,0
1790245207,echo,0
1790245207,fiber,1
1790245207,fasthttp,0
1790245208,stdlib,4901
1790245208,chi,0
1790245208,gin,0
1790245208,echo,0
1790245208,fiber,1
1790245208,fasthttp,0
1790245209,stdlib,4901
1790245209,chi,0
1790245209,gin,0
1790245209,echo,0
1790245209,fiber,1
1790245209,fasthttp,0
1790245210,stdlib,4901
1790245210,chi,0
1790245210,gin,0
1790245210,echo,0
1790245210,fiber,1
1790245210,fasthttp,0
1790245211,stdlib,4901
1790245211,chi,0
1790245211,gin,0
1790245211,echo,0
1790245211,fiber,1
1790245211,fasthttp,0
1790245212,stdlib,4901
1790245212,chi,0
1790245212,gin,0
1790245212,echo,0
1790245212,fiber,1
1790245212,fasthttp,0
1790245213,stdlib,4901
1790245213,chi,0
1790245213,gin,0
1790245213,echo,0
1790245213,fiber,3
1790245213,fasthttp,0
1790245214,stdlib,4901
1790245214,chi,0
1790245214,gin,0
1790245214,echo,0
1790245214,fiber,27
1790245214,fasthttp,0
1790245215,stdlib,4901
1790245215,chi,0
1790245215,gin,0
1790245215,echo,0
1790245215,fiber,48
1790245215,fasthttp,0
1790245216,stdlib,4901
1790245216,chi,0
1790245216,gin,0
1790245216,echo,0
1790245216,fiber,68
1790245216,fasthttp,0
1790245217,stdlib,4901
1790245217,chi,0
1790245217,gin,0
1790245217,echo,0
1790245217,fiber,90
1790245217,fasthttp,0
1790245218,stdlib,4901
1790245218,chi,0
1790245218,gin,0
1790245218,echo,0
1790245218,fiber,111
1790245218,fasthttp,0
1790245219,stdlib,4901
1790245219,chi,0
1790245219,gin,0
1790245219,echo,0
1790245219,fiber,132
1790245219,fasthttp,0
1790245220,stdlib,4901
1790245220,chi,0
1790245220,gin,0
1790245220,echo,0
1790245220,fiber,153
1790245220,fasthttp,0
1790245221,stdlib,4901
1790245221,chi,0
1790245221,gin,0
1790245221,echo,0
1790245221,fiber,176
1790245221,fasthttp,0
1790245222,stdlib,4901
1790245222,chi,0
1790245222,gin,0
1790245222,echo,0
1790245222,fiber,198
1790245222,fasthttp,0
1790245223,stdlib,4901
1790245223,chi,0
1790245223,gin,0
1790245223,echo,0
1790245223,fiber,219
1790245223,fasthttp,0
1790245224,stdlib,4901
1790245224,chi,0
1790245224,gin,0
1790245224,echo,0
1790245224,fiber,242
1790245224,fasthttp,0
1790245225,stdlib,4901
1790245225,chi,0
1790245225,gin,0
1790245225,echo,0
1790245225,fiber,265
1790245225,fasthttp,0
1790245226,stdlib,4901
1790245226,chi,0
1790245226,gin,0
1790245226,echo,0
1790245226,fiber,287
1790245226,fasthttp,0
1790245227,stdlib,4901
1790245227,chi,0
1790245227,gin,0
1790245227,echo,0
1790245227,fiber,308
1790245227,fasthttp,0
1790245228,stdlib,4901
1790245228,chi,0
1790245228,gin,0
1790245228,echo,0
1790245228,fiber,332
1790245228,fasthttp,0
1790245229,stdlib,4901
1790245229,chi,0
1790245229,gin,0
1790245229,echo,0
1790245229,fiber,354
1790245229,fasthttp,0
1790245230,stdlib,4901
1790245230,chi,0
1790245230,gin,0
1790245230,echo,0
1790245230,fiber,376
1790245230,fasthttp,0
1790245231,stdlib,4901
1790245231,chi,0
1790245231,gin,0
1790245231,echo,0
1790245231,fiber,397
1790245231,fasthttp,0
1790245232,stdlib,4901
1790245232,chi,0
1790245232,gin,0
1790245232,echo,0
1790245232,fiber,418
1790245232,fasthttp,0
1790245233,stdlib,4901
1790245233,chi,0
1790245233,gin,0
1790245233,echo,0
1790245233,fiber,440
1790245233,fasthttp,0
1790245234,stdlib,4901
1790245234,chi,0
1790245234,gin,0
1790245234,echo,0
1790245234,fiber,462
1790245234,fasthttp,0
1790245235,stdlib,4901
1790245235,chi,0
1790245235,gin,0
1790245235,echo,0
1790245235,fiber,483
1790245235,fasthttp,0
1790245236,stdlib,4901
1790245236,chi,0
1790245236,gin,0
1790245236,echo,0
1790245236,fiber,506
1790245236,fasthttp,0
1790245237,stdlib,4901
1790245237,chi,0
1790245237,gin,0
1790245237,echo,0
1790245237,fiber,527
1790245237,fasthttp,0
1790245238,stdlib,4901
1790245238,chi,0
1790245238,gin,0
1790245238,echo,0
1790245238,fiber,549
1790245238,fasthttp,0
1790245239,stdlib,4901
1790245239,chi,0
1790245239,gin,0
1790245239,echo,0
1790245239,fiber,571
1790245239,fasthttp,0
1790245240,stdlib,4901
1790245240,chi,0
1790245240,gin,0
1790245240,echo,0
1790245240,fiber,593
1790245240,fasthttp,0
1790245241,stdlib,4901
1790245241,chi,0
1790245241,gin,0
1790245241,echo,0
1790245241,fiber,616
1790245241,fasthttp,0
1790245242,stdlib,4901
1790245242,chi,0
1790245242,gin,0
1790245242,echo,0
1790245242,fiber,638
1790245242,fasthttp,0
1790245243,stdlib,4901
1790245243,chi,0
1790245243,gin,0
1790245243,echo,0
1790245243,fiber,660
1790245243,fasthttp,0
1790245244,stdlib,4901
1790245244,chi,0
1790245244,gin,0
1790245244,echo,0
1790245244,fiber,682
1790245244,fasthttp,0
1790245245,stdlib,4901
1790245245,chi,0
1790245245,gin,0
1790245245,echo,0
1790245245,fiber,703
1790245245,fasthttp,0
1790245246,stdlib,4901
1790245246,chi,0
1790245246,gin,0
1790245246,echo,0
1790245246,fiber,725
1790245246,fasthttp,0
1790245247,stdlib,4901
1790245247,chi,0
1790245247,gin,0
1790245247,echo,0
1790245247,fiber,746
1790245247,fasthttp,0
1790245248,stdlib,4901
1790245248,chi,0
1790245248,gin,0
1790245248,echo,0
1790245248,fiber,767
1790245248,fasthttp,0
1790245249,stdlib,4901
1790245249,chi,0
1790245249,gin,0
1790245249,echo,0
1790245249,fiber,789
1790245249,fasthttp,0
1790245250,stdlib,4901
1790245250,chi,0
1790245250,gin,0
1790245250,echo,0
1790245250,fiber,812
1790245250,fasthttp,0
1790245251,stdlib,4901
1790245251,chi,0
1790245251,gin,0
1790245251,echo,0
1790245251,fiber,834
1790245251,fasthttp,0
1790245252,stdlib,4901
1790245252,chi,0
1790245252,gin,0
1790245252,echo,0
1790245252,fiber,857
1790245252,fasthttp,0
1790245253,stdlib,4901
1790245253,chi,0
1790245253,gin,0
1790245253,echo,0
1790245253,fiber,880
1790245253,fasthttp,0
1790245254,stdlib,4901
1790245254,chi,0
1790245254,gin,0
1790245254,echo,0
1790245254,fiber,902
1790245254,fasthttp,0
1790245255,stdlib,4901
1790245255,chi,0
1790245255,gin,0
1790245255,echo,0
1790245255,fiber,924
1790245255,fasthttp,0
1790245256,stdlib,4901
1790245256,chi,0
1790245256,gin,0
1790245256,echo,0
1790245256,fiber,946
1790245256,fasthttp,0
1790245257,stdlib,4901
1790245257,chi,0
1790245257,gin,0
1790245257,echo,0
1790245257,fiber,967
1790245257,fasthttp,0
1790245258,stdlib,4901
1790245258,chi,0
1790245258,gin,0
1790245258,echo,0
1790245258,fiber,989
1790245258,fasthttp,0
1790245259,stdlib,4901
1790245259,chi,0
1790245259,gin,0
1790245259,echo,0
1790245259,fiber,1012
1790245259,fasthttp,0
1790245260,stdlib,4901
1790245260,chi,0
1790245260,gin,0
1790245260,echo,0
1790245260,fiber,1034
1790245260,fasthttp,0
1790245261,stdlib,4901
1790245261,chi,0
1790245261,gin,0
1790245261,echo,0
1790245261,fiber,1057
1790245261,fasthttp,0
1790245262,stdlib,4901
1790245262,chi,0
1790245262,gin,0
1790245262,echo,0
1790245262,fiber,1078
1790245262,fasthttp,0
1790245263,stdlib,4901
1790245263,chi,0
1790245263,gin,0
1790245263,echo,0
1790245263,fiber,1102
1790245263,fasthttp,0
1790245264,stdlib,4901
1790245264,chi,0
1790245264,gin,0
1790245264,echo,0
1790245264,fiber,1124
1790245264,fasthttp,0
1790245265,stdlib,4901
1790245265,chi,0
1790245265,gin,0
1790245265,echo,0
1790245265,fiber,1146
1790245265,fasthttp,0
1790245266,stdlib,4901
1790245266,chi,0
1790245266,gin,0
1790245266,echo,0
1790245266,fiber,1168
1790245266,fasthttp,0
1790245267,stdlib,4901
1790245267,chi,0
1790245267,gin,0
1790245267,echo,0
1790245267,fiber,1189
1790245267,fasthttp,0
1790245268,stdlib,4901
1790245268,chi,0
1790245268,gin,0
1790245268,echo,0
1790245268,fiber,1200
1790245268,fasthttp,0
1790245269,stdlib,4901
1790245269,chi,0
1790245269,gin,0
1790245269,echo,0
1790245269,fiber,1200
1790245269,fasthttp,0
1790245270,stdlib,4901
1790245270,chi,0
1790245270,gin,0
1790245270,echo,0
1790245270,fiber,1200
1790245270,fasthttp,0
1790245271,stdlib,4901
1790245271,chi,0
1790245271,gin,0
1790245271,echo,0
1790245271,fiber,1200
1790245271,fasthttp,0
1790245272,stdlib,4901
1790245272,chi,0
1790245272,gin,0
1790245272,echo,0
1790245272,fiber,1200
1790245272,fasthttp,0
1790245273,stdlib,4901
1790245273,chi,0
1790245273,gin,0
1790245273,echo,0
1790245273,fiber,1200
1790245273,fasthttp,0
1790245274,stdlib,4901
1790245274,chi,0
1790245274,gin,0
1790245274,echo,0
1790245274,fiber,1200
1790245274,fasthttp,0
1790245275,stdlib,4901
1790245275,chi,0
1790245275,gin,0
1790245275,echo,0
1790245275,fiber,1200
1790245275,fasthttp,0
1790245276,stdlib,4901
1790245276,chi,0
1790245276,gin,0
1790245276,echo,0
1790245276,fiber,1200
1790245276,fasthttp,0
1790245277,stdlib,4901
1790245277,chi,0
1790245277,gin,0
1790245277,echo,0
1790245277,fiber,1200
1790245277,fasthttp,0
1790245278,stdlib,4901
1790245278,chi,0
1790245278,gin,0
1790245278,echo,0
1790245278,fiber,1226
1790245278,fasthttp,0
1790245279,stdlib,4901
1790245279,chi,0
1790245279,gin,0
1790245279,echo,0
1790245279,fiber,1265
1790245279,fasthttp,0
1790245280,stdlib,4901
1790245280,chi,0
1790245280,gin,0
1790245280,echo,0
1790245280,fiber,1305
1790245280,fasthttp,0
1790245281,stdlib,4901
1790245281,chi,0
1790245281,gin,0
1790245281,echo,0
1790245281,fiber,1343
1790245281,fasthttp,0
1790245282,stdlib,4901
1790245282,chi,0
1790245282,gin,0
1790245282,echo,0
1790245282,fiber,1385
1790245282,fasthttp,0
1790245283,stdlib,4901
1790245283,chi,0
1790245283,gin,0
1790245283,echo,0
1790245283,fiber,1426
1790245283,fasthttp,0
1790245284,stdlib,4901
1790245284,chi,0
1790245284,gin,0
1790245284,echo,0
1790245284,fiber,1468
1790245284,fasthttp,0
1790245285,stdlib,4901
1790245285,chi,0
1790245285,gin,0
1790245285,echo,0
1790245285,fiber,1508
1790245285,fasthttp,0
1790245286,stdlib,4901
1790245286,chi,0
1790245286,gin,0
1790245286,echo,0
1790245286,fiber,1547
1790245286,fasthttp,0
1790245287,stdlib,4901
1790245287,chi,0
1790245287,gin,0
1790245287,echo,0
1790245287,fiber,1588
1790245287,fasthttp,0
1790245288,stdlib,4901
1790245288,chi,0
1790245288,gin,0
1790245288,echo,0
1790245288,fiber,1629
1790245288,fasthttp,0
1790245289,stdlib,4901
1790245289,chi,0
1790245289,gin,0
1790245289,echo,0
1790245289,fiber,1668
1790245289,fasthttp,0
1790245290,stdlib,4901
1790245290,chi,0
1790245290,gin,0
1790245290,echo,0
1790245290,fiber,1706
1790245290,fasthttp,0
1790245291,stdlib,4901
1790245291,chi,0
1790245291,gin,0
1790245291,echo,0
1790245291,fiber,1744
1790245291,fasthttp,0
1790245292,stdlib,4901
1790245292,chi,0
1790245292,gin,0
1790245292,echo,0
1790245292,fiber,1783
1790245292,fasthttp,0
1790245293,stdlib,4901
1790245293,chi,0
1790245293,gin,0
1790245293,echo,0
1790245293,fiber,1821
1790245293,fasthttp,0
1790245294,stdlib,4901
1790245294,chi,0
1790245294,gin,0
1790245294,echo,0
1790245294,fiber,1859
1790245294,fasthttp,0
1790245295,stdlib,4901
1790245295,chi,0
1790245295,gin,0
1790245295,echo,0
1790245295,fiber,1898
1790245295,fasthttp,0
1790245296,stdlib,4901
1790245296,chi,0
1790245296,gin,0
1790245296,echo,0
1790245296,fiber,1936
1790245296,fasthttp,0
1790245297,stdlib,4901
1790245297,chi,0
1790245297,gin,0
1790245297,echo,0
1790245297,fiber,1975
1790245297,fasthttp,0
1790245299,stdlib,4901
1790245299,chi,0
1790245299,gin,0
1790245299,echo,0
1790245299,fiber,2013
1790245299,fasthttp,0
1790245300,stdlib,4901
1790245300,chi,0
1790245300,gin,0
1790245300,echo,0
1790245300,fiber,2052
1790245300,fasthttp,0
1790245301,stdlib,4901
1790245301,chi,0
1790245301,gin,0
1790245301,echo,0
1790245301,fiber,2092
1790245301,fasthttp,0
1790245302,stdlib,4901
1790245302,chi,0
1790245302,gin,0
1790245302,echo,0
1790245302,fiber,2133
1790245302,fasthttp,0
1790245303,stdlib,4901
1790245303,chi,0
1790245303,gin,0
1790245303,echo,0
1790245303,fiber,2173
1790245303,fasthttp,0
1790245304,stdlib,4901
1790245304,chi,0
1790245304,gin,0
1790245304,echo,0
1790245304,fiber,2213
1790245304,fasthttp,0
1790245305,stdlib,4901
1790245305,chi,0
1790245305,gin,0
1790245305,echo,0
1790245305,fiber,2252
1790245305,fasthttp,0
1790245306,stdlib,4901
1790245306,chi,0
1790245306,gin,0
1790245306,echo,0
1790245306,fiber,2290
1790245306,fasthttp,0
1790245307,stdlib,4901
1790245307,chi,0
1790245307,gin,0
1790245307,echo,0
1790245307,fiber,2329
1790245307,fasthttp,0
1790245308,stdlib,4901
1790245308,chi,0
1790245308,gin,0
1790245308,echo,0
1790245308,fiber,2368
1790245308,fasthttp,0
1790245309,stdlib,4901
1790245309,chi,0
1790245309,gin,0
1790245309,echo,0
1790245309,fiber,2407
1790245309,fasthttp,0
1790245310,stdlib,4901
1790245310,chi,0
1790245310,gin,0
1790245310,echo,0
1790245310,fiber,2447
1790245310,fasthttp,0
1790245311,stdlib,4901
1790245311,chi,0
1790245311,gin,0
1790245311,echo,0
1790245311,fiber,2487
1790245311,fasthttp,0
1790245312,stdlib,4901
1790245312,chi,0
1790245312,gin,0
1790245312,echo,0
1790245312,fiber,2525
1790245312,fasthttp,0
1790245313,stdlib,4901
1790245313,chi,0
1790245313,gin,0
1790245313,echo,0
1790245313,fiber,2566
1790245313,fasthttp,0
1790245314,stdlib,4901
1790245314,chi,0
1790245314,gin,0
1790245314,echo,0
1790245314,fiber,2606
1790245314,fasthttp,0
1790245315,stdlib,4901
1790245315,chi,0
1790245315,gin,0
1790245315,echo,0
1790245315,fiber,2647
1790245315,fasthttp,0
1790245316,stdlib,4901
1790245316,chi,0
1790245316,gin,0
1790245316,echo,0
1790245316,fiber,2685
1790245316,fasthttp,0
1790245317,stdlib,4901
1790245317,chi,0
1790245317,gin,0
1790245317,echo,0
1790245317,fiber,2724
1790245317,fasthttp,0
1790245318,stdlib,4901
1790245318,chi,0
1790245318,gin,0
1790245318,echo,0
1790245318,fiber,2761
1790245318,fasthttp,0
1790245319,stdlib,4901
1790245319,chi,0
1790245319,gin,0
1790245319,echo,0
1790245319,fiber,2761
1790245319,fasthttp,0
1790245320,stdlib,4901
1790245320,chi,0
1790245320,gin,0
1790245320,echo,0
1790245320,fiber,2761
1790245320,fasthttp,0
1790245321,stdlib,4901
1790245321,chi,0
1790245321,gin,0
1790245321,echo,0
1790245321,fiber,2761
1790245321,fasthttp,0
1790245322,stdlib,4901
1790245322,chi,0
1790245322,gin,0
1790245322,echo,0
1790245322,fiber,2761
1790245322,fasthttp,0
1790245323,stdlib,4901
1790245323,chi,0
1790245323,gin,0
1790245323,echo,0
1790245323,fiber,2761
1790245323,fasthttp,0
1790245324,stdlib,4901
1790245324,chi,0
1790245324,gin,0
1790245324,echo,0
1790245324,fiber,2761
1790245324,fasthttp,0
1790245325,stdlib,4901
1790245325,chi,0
1790245325,gin,0
1790245325,echo,0
1790245325,fiber,2761
1790245325,fasthttp,0
1790245326,stdlib,4901
1790245326,chi,0
1790245326,gin,0
1790245326,echo,0
1790245326,fiber,2761
1790245326,fasthttp,0
1790245327,stdlib,4901
1790245327,chi,0
1790245327,gin,0
1790245327,echo,0
1790245327,fiber,2761
1790245327,fasthttp,0
1790245328,stdlib,4901
1790245328,chi,0
1790245328,gin,0
1790245328,echo,0
1790245328,fiber,2767
1790245328,fasthttp,0
1790245329,stdlib,4901
1790245329,chi,0
1790245329,gin,0
1790245329,echo,0
1790245329,fiber,2788
1790245329,fasthttp,0
1790245330,stdlib,4901
1790245330,chi,0
1790245330,gin,0
1790245330,echo,0
1790245330,fiber,2810
1790245330,fasthttp,0
1790245331,stdlib,4901
1790245331,chi,0
1790245331,gin,0
1790245331,echo,0
1790245331,fiber,2832
1790245331,fasthttp,0
1790245332,stdlib,4901
1790245332,chi,0
1790245332,gin,0
1790245332,echo,0
1790245332,fiber,2853
1790245332,fasthttp,0
1790245333,stdlib,4901
1790245333,chi,0
1790245333,gin,0
1790245333,echo,0
1790245333,fiber,2877
1790245333,fasthttp,0
1790245334,stdlib,4901
1790245334,chi,0
1790245334,gin,0
1790245334,echo,0
1790245334,fiber,2898
1790245334,fasthttp,0
1790245335,stdlib,4901
1790245335,chi,0
1790245335,gin,0
1790245335,echo,0
1790245335,fiber,2919
1790245335,fasthttp,0
1790245336,stdlib,4901
1790245336,chi,0
1790245336,gin,0
1790245336,echo,0
1790245336,fiber,2941
1790245336,fasthttp,0
1790245337,stdlib,4901
1790245337,chi,0
1790245337,gin,0
1790245337,echo,0
1790245337,fiber,2963
1790245337,fasthttp,0
1790245338,stdlib,4901
1790245338,chi,0
1790245338,gin,0
1790245338,echo,0
1790245338,fiber,2984
1790245338,fasthttp,0
1790245339,stdlib,4901
1790245339,chi,0
1790245339,gin,0
1790245339,echo,0
1790245339,fiber,3006
1790245339,fasthttp,0
1790245340,stdlib,4901
1790245340,chi,0
1790245340,gin,0
1790245340,echo,0
1790245340,fiber,3029
1790245340,fasthttp,0
1790245341,stdlib,4901
1790245341,chi,0
1790245341,gin,0
1790245341,echo,0
1790245341,fiber,3050
1790245341,fasthttp,0
1790245342,stdlib,4901
1790245342,chi,0
1790245342,gin,0
1790245342,echo,0
1790245342,fiber,3073
1790245342,fasthttp,0
1790245343,stdlib,4901
1790245343,chi,0
1790245343,gin,0
1790245343,echo,0
1790245343,fiber,3098
1790245343,fasthttp,0
1790245344,stdlib,4901
1790245344,chi,0
1790245344,gin,0
1790245344,echo,0
1790245344,fiber,3120
1790245344,fasthttp,0
1790245345,stdlib,4901
1790245345,chi,0
1790245345,gin,0
1790245345,echo,0
1790245345,fiber,3143
1790245345,fasthttp,0
1790245346,stdlib,4901
1790245346,chi,0
1790245346,gin,0
1790245346,echo,0
1790245346,fiber,3168
1790245346,fasthttp,0
1790245347,stdlib,4901
1790245347,chi,0
1790245347,gin,0
1790245347,echo,0
1790245347,fiber,3192
1790245347,fasthttp,0
1790245348,stdlib,4901
1790245348,chi,0
1790245348,gin,0
1790245348,echo,0
1790245348,fiber,3214
1790245348,fasthttp,0
1790245349,stdlib,4901
1790245349,chi,0
1790245349,gin,0
1790245349,echo,0
1790245349,fiber,3238
1790245349,fasthttp,0
1790245350,stdlib,4901
1790245350,chi,0
1790245350,gin,0
1790245350,echo,0
1790245350,fiber,3261
1790245350,fasthttp,0
1790245351,stdlib,4901
1790245351,chi,0
1790245351,gin,0
1790245351,echo,0
1790245351,fiber,3284
1790245351,fasthttp,0
1790245352,stdlib,4901
1790245352,chi,0
1790245352,gin,0
1790245352,echo,0
1790245352,fiber,3306
1790245352,fasthttp,0
1790245353,stdlib,4901
1790245353,chi,0
1790245353,gin,0
1790245353,echo,0
1790245353,fiber,3329
1790245353,fasthttp,0
1790245354,stdlib,4901
1790245354,chi,0
1790245354,gin,0
1790245354,echo,0
1790245354,fiber,3350
1790245354,fasthttp,0
1790245355,stdlib,4901
1790245355,chi,0
1790245355,gin,0
1790245355,echo,0
1790245355,fiber,3373
1790245355,fasthttp,0
1790245356,stdlib,4901
1790245356,chi,0
1790245356,gin,0
1790245356,echo,0
1790245356,fiber,3396
1790245356,fasthttp,0
1790245357,stdlib,4901
1790245357,chi,0
1790245357,gin,0
1790245357,echo,0
1790245357,fiber,3418
1790245357,fasthttp,0
1790245358,stdlib,4901
1790245358,chi,0
1790245358,gin,0
1790245358,echo,0
1790245358,fiber,3441
1790245358,fasthttp,0
1790245359,stdlib,4901
1790245359,chi,0
1790245359,gin,0
1790245359,echo,0
1790245359,fiber,3462
1790245359,fasthttp,0
1790245360,stdlib,4901
1790245360,chi,0
1790245360,gin,0
1790245360,echo,0
1790245360,fiber,3485
1790245360,fasthttp,0
1790245361,stdlib,4901
1790245361,chi,0
1790245361,gin,0
1790245361,echo,0
1790245361,fiber,3508
1790245361,fasthttp,0
1790245362,stdlib,4901
1790245362,chi,0
1790245362,gin,0
1790245362,echo,0
1790245362,fiber,3531
1790245362,fasthttp,0
1790245363,stdlib,4901
1790245363,chi,0
1790245363,gin,0
1790245363,echo,0
1790245363,fiber,3552
1790245363,fasthttp,0
1790245364,stdlib,4901
1790245364,chi,0
1790245364,gin,0
1790245364,echo,0
1790245364,fiber,3574
1790245364,fasthttp,0
1790245365,stdlib,4901
1790245365,chi,0
1790245365,gin,0
1790245365,echo,0
1790245365,fiber,3597
1790245365,fasthttp,0
1790245366,stdlib,4901
1790245366,chi,0
1790245366,gin,0
1790245366,echo,0
1790245366,fiber,3619
1790245366,fasthttp,0
1790245367,stdlib,4901
1790245367,chi,0
1790245367,gin,0
1790245367,echo,0
1790245367,fiber,3640
1790245367,fasthttp,0
1790245368,stdlib,4901
1790245368,chi,0
1790245368,gin,0
1790245368,echo,0
1790245368,fiber,3662
1790245368,fasthttp,0
1790245369,stdlib,4901
1790245369,chi,0
1790245369,gin,0
1790245369,echo,0
1790245369,fiber,3685
1790245369,fasthttp,0
1790245370,stdlib,4901
1790245370,chi,0
1790245370,gin,0
1790245370,echo,0
1790245370,fiber,3708
1790245370,fasthttp,0
1790245371,stdlib,4901
1790245371,chi,0
1790245371,gin,0
1790245371,echo,0
1790245371,fiber,3729
1790245371,fasthttp,0
1790245372,stdlib,4901
1790245372,chi,0
1790245372,gin,0
1790245372,echo,0
1790245372,fiber,3752
1790245372,fasthttp,0
1790245373,stdlib,4901
1790245373,chi,0
1790245373,gin,0
1790245373,echo,0
1790245373,fiber,3773
1790245373,fasthttp,0
1790245374,stdlib,4901
1790245374,chi,0
1790245374,gin,0
1790245374,echo,0
1790245374,fiber,3794
1790245374,fasthttp,0
1790245375,stdlib,4901
1790245375,chi,0
1790245375,gin,0
1790245375,echo,0
1790245375,fiber,3816
1790245375,fasthttp,0
1790245376,stdlib,4901
1790245376,chi,0
1790245376,gin,0
1790245376,echo,0
1790245376,fiber,3837
1790245376,fasthttp,0
1790245377,stdlib,4901
1790245377,chi,0
1790245377,gin,0
1790245377,echo,0
1790245377,fiber,3859
1790245377,fasthttp,0
1790245378,stdlib,4901
1790245378,chi,0
1790245378,gin,0
1790245378,echo,0
1790245378,fiber,3883
1790245378,fasthttp,0
1790245379,stdlib,4901
1790245379,chi,0
1790245379,gin,0
1790245379,echo,0
1790245379,fiber,3906
1790245379,fasthttp,0
1790245380,stdlib,4901
1790245380,chi,0
1790245380,gin,0
1790245380,echo,0
1790245380,fiber,3929
1790245380,fasthttp,0
1790245381,stdlib,4901
1790245381,chi,0
1790245381,gin,0
1790245381,echo,0
1790245381,fiber,3953
1790245381,fasthttp,0
1790245382,stdlib,4901
1790245382,chi,0
1790245382,gin,0
1790245382,echo,0
1790245382,fiber,3976
1790245382,fasthttp,0
1790245383,stdlib,4901
1790245383,chi,0
1790245383,gin,0
1790245383,echo,0
1790245383,fiber,3986
1790245383,fasthttp,0
1790245384,stdlib,4901
1790245384,chi,0
1790245384,gin,0
1790245384,echo,0
1790245384,fiber,3986
1790245384,fasthttp,0
1790245385,stdlib,4901
1790245385,chi,0
1790245385,gin,0
1790245385,echo,0
1790245385,fiber,3986
1790245385,fasthttp,0
1790245386,stdlib,4901
1790245386,chi,0
1790245386,gin,0
1790245386,echo,0
1790245386,fiber,3986
1790245386,fasthttp,0
1790245387,stdlib,4901
1790245387,chi,0
1790245387,gin,0
1790245387,echo,0
1790245387,fiber,3986
1790245387,fasthttp,0
1790245388,stdlib,4901
1790245388,chi,0
1790245388,gin,0
1790245388,echo,0
1790245388,fiber,3986
1790245388,fasthttp,0
1790245389,stdlib,4901
1790245389,chi,0
1790245389,gin,0
1790245389,echo,0
1790245389,fiber,3986
1790245389,fasthttp,0
1790245390,stdlib,4901
1790245390,chi,0
1790245390,gin,0
1790245390,echo,0
1790245390,fiber,3986
1790245390,fasthttp,0
1790245391,stdlib,4901
1790245391,chi,0
1790245391,gin,0
1790245391,echo,0
1790245391,fiber,3986
1790245391,fasthttp,0
1790245392,stdlib,4901
1790245392,chi,0
1790245392,gin,0
1790245392,echo,0
1790245392,fiber,3986
1790245392,fasthttp,0
1790245393,stdlib,4901
1790245393,chi,0
1790245393,gin,0
1790245393,echo,0
1790245393,fiber,4016
1790245393,fasthttp,0
1790245394,stdlib,4901
1790245394,chi,0
1790245394,gin,0
1790245394,echo,0
1790245394,fiber,4057
1790245394,fasthttp,0
1790245396,stdlib,4901
1790245396,chi,0
1790245396,gin,0
1790245396,echo,0
1790245396,fiber,4099
1790245396,fasthttp,0
1790245397,stdlib,4901
1790245397,chi,0
1790245397,gin,0
1790245397,echo,0
1790245397,fiber,4140
1790245397,fasthttp,0
1790245398,stdlib,4901
1790245398,chi,0
1790245398,gin,0
1790245398,echo,0
1790245398,fiber,4182
1790245398,fasthttp,0
1790245399,stdlib,4901
1790245399,chi,0
1790245399,gin,0
1790245399,echo,0
1790245399,fiber,4222
1790245399,fasthttp,0
1790245400,stdlib,4901
1790245400,chi,0
1790245400,gin,0
1790245400,echo,0
1790245400,fiber,4263
1790245400,fasthttp,0
1790245401,stdlib,4901
1790245401,chi,0
1790245401,gin,0
1790245401,echo,0
1790245401,fiber,4304
1790245401,fasthttp,0
1790245402,stdlib,4901
1790245402,chi,0
1790245402,gin,0
1790245402,echo,0
1790245402,fiber,4345
1790245402,fasthttp,0
1790245403,stdlib,4901
1790245403,chi,0
1790245403,gin,0
1790245403,echo,0
1790245403,fiber,4387
1790245403,fasthttp,0
1790245404,stdlib,4901
1790245404,chi,0
1790245404,gin,0
1790245404,echo,0
1790245404,fiber,4431
1790245404,fasthttp,0
1790245405,stdlib,4901
1790245405,chi,0
1790245405,gin,0
1790245405,echo,0
1790245405,fiber,4471
1790245405,fasthttp,0
1790245406,stdlib,4901
1790245406,chi,0
1790245406,gin,0
1790245406,echo,0
1790245406,fiber,4512
1790245406,fasthttp,0
1790245407,stdlib,4901
1790245407,chi,0
1790245407,gin,0
1790245407,echo,0
1790245407,fiber,4554
1790245407,fasthttp,0
1790245408,stdlib,4901
1790245408,chi,0
1790245408,gin,0
1790245408,echo,0
1790245408,fiber,4594
1790245408,fasthttp,0
1790245409,stdlib,4901
1790245409,chi,0
1790245409,gin,0
1790245409,echo,0
1790245409,fiber,4637
1790245409,fasthttp,0
1790245410,stdlib,4901
1790245410,chi,0
1790245410,gin,0
1790245410,echo,0
1790245410,fiber,4679
1790245410,fasthttp,0
1790245411,stdlib,4901
1790245411,chi,0
1790245411,gin,0
1790245411,echo,0
1790245411,fiber,4722
1790245411,fasthttp,0
1790245412,stdlib,4901
1790245412,chi,0
1790245412,gin,0
1790245412,echo,0
1790245412,fiber,4765
1790245412,fasthttp,0
1790245413,stdlib,4901
1790245413,chi,0
1790245413,gin,0
1790245413,echo,0
1790245413,fiber,4806
1790245413,fasthttp,0
1790245414,stdlib,4901
1790245414,chi,0
1790245414,gin,0
1790245414,echo,0
1790245414,fiber,4848
1790245414,fasthttp,0
1790245415,stdlib,4901
1790245415,chi,0
1790245415,gin,0
1790245415,echo,0
1790245415,fiber,4890
1790245415,fasthttp,0
1790245416,stdlib,4901
1790245416,chi,0
1790245416,gin,0
1790245416,echo,0
1790245416,fiber,4931
1790245416,fasthttp,0
1790245417,stdlib,4901
1790245417,chi,0
1790245417,gin,0
1790245417,echo,0
1790245417,fiber,4974
1790245417,fasthttp,0
1790245418,stdlib,4901
1790245418,chi,0
1790245418,gin,0
1790245418,echo,0
1790245418,fiber,5015
1790245418,fasthttp,0
1790245419,stdlib,4901
1790245419,chi,0
1790245419,gin,0
1790245419,echo,0
1790245419,fiber,5057
1790245419,fasthttp,0
1790245420,stdlib,4901
1790245420,chi,0
1790245420,gin,0
1790245420,echo,0
1790245420,fiber,5098
1790245420,fasthttp,0
1790245421,stdlib,4901
1790245421,chi,0
1790245421,gin,0
1790245421,echo,0
1790245421,fiber,5139
1790245421,fasthttp,0
1790245422,stdlib,4901
1790245422,chi,0
1790245422,gin,0
1790245422,echo,0
1790245422,fiber,5181
1790245422,fasthttp,0
1790245423,stdlib,4901
1790245423,chi,0
1790245423,gin,0
1790245423,echo,0
1790245423,fiber,5222
1790245423,fasthttp,0
1790245424,stdlib,4901
1790245424,chi,0
1790245424,gin,0
1790245424,echo,0
1790245424,fiber,5264
1790245424,fasthttp,0
1790245425,stdlib,4901
1790245425,chi,0
1790245425,gin,0
1790245425,echo,0
1790245425,fiber,5304
1790245425,fasthttp,0
1790245426,stdlib,4901
1790245426,chi,0
1790245426,gin,0
1790245426,echo,0
1790245426,fiber,5347
1790245426,fasthttp,0
1790245427,stdlib,4901
1790245427,chi,0
1790245427,gin,0
1790245427,echo,0
1790245427,fiber,5390
1790245427,fasthttp,0
1790245428,stdlib,4901
1790245428,chi,0
1790245428,gin,0
1790245428,echo,0
1790245428,fiber,5433
1790245428,fasthttp,0
1790245429,stdlib,4901
1790245429,chi,0
1790245429,gin,0
1790245429,echo,0
1790245429,fiber,5475
1790245429,fasthttp,0
1790245430,stdlib,4901
1790245430,chi,0
1790245430,gin,0
1790245430,echo,0
1790245430,fiber,5517
1790245430,fasthttp,0
1790245431,stdlib,4901
1790245431,chi,0
1790245431,gin,0
1790245431,echo,0
1790245431,fiber,5557
1790245431,fasthttp,0
1790245432,stdlib,4901
1790245432,chi,0
1790245432,gin,0
1790245432,echo,0
1790245432,fiber,5601
1790245432,fasthttp,0
1790245433,stdlib,4901
1790245433,chi,0
1790245433,gin,0
1790245433,echo,0
1790245433,fiber,5637
1790245433,fasthttp,0
1790245434,stdlib,4901
1790245434,chi,0
1790245434,gin,0
1790245434,echo,0
1790245434,fiber,5637
1790245434,fasthttp,0
1790245435,stdlib,4901
1790245435,chi,0
1790245435,gin,0
1790245435,echo,0
1790245435,fiber,5637
1790245435,fasthttp,0
1790245436,stdlib,4901
1790245436,chi,0
1790245436,gin,0
1790245436,echo,0
1790245436,fiber,5637
1790245436,fasthttp,0
1790245437,stdlib,4901
1790245437,chi,0
1790245437,gin,0
1790245437,echo,0
1790245437,fiber,5637
1790245437,fasthttp,0
1790245438,stdlib,4901
1790245438,chi,0
1790245438,gin,0
1790245438,echo,0
1790245438,fiber,5637
1790245438,fasthttp,0
1790245439,stdlib,4901
1790245439,chi,0
1790245439,gin,0
1790245439,echo,0
1790245439,fiber,5637
1790245439,fasthttp,0
1790245440,stdlib,4901
1790245440,chi,0
1790245440,gin,0
1790245440,echo,0
1790245440,fiber,5637
1790245440,fasthttp,0
1790245441,stdlib,4901
1790245441,chi,0
1790245441,gin,0
1790245441,echo,0
1790245441,fiber,5637
1790245441,fasthttp,0
1790245442,stdlib,4901
1790245442,chi,0
1790245442,gin,0
1790245442,echo,0
1790245442,fiber,5637
1790245442,fasthttp,0
1790245443,stdlib,4913
1790245443,chi,0
1790245443,gin,0
1790245443,echo,0
1790245443,fiber,5637
1790245443,fasthttp,0
1790245444,stdlib,4956
1790245444,chi,0
1790245444,gin,0
1790245444,echo,0
1790245444,fiber,5637
1790245444,fasthttp,0
1790245445,stdlib,4999
1790245445,chi,0
1790245445,gin,0
1790245445,echo,0
1790245445,fiber,5637
1790245445,fasthttp,0
1790245446,stdlib,5041
1790245446,chi,0
1790245446,gin,0
1790245446,echo,0
1790245446,fiber,5637
1790245446,fasthttp,0
1790245447,stdlib,5084
1790245447,chi,0
1790245447,gin,0
1790245447,echo,0
1790245447,fiber,5637
1790245447,fasthttp,0
1790245448,stdlib,5125
1790245448,chi,0
1790245448,gin,0
1790245448,echo,0
1790245448,fiber,5637
1790245448,fasthttp,0
1790245449,stdlib,5168
1790245449,chi,0
1790245449,gin,0
1790245449,echo,0
1790245449,fiber,5637
1790245449,fasthttp,0
1790245450,stdlib,5211
1790245450,chi,0
1790245450,gin,0
1790245450,echo,0
1790245450,fiber,5637
1790245450,fasthttp,0
1790245451,stdlib,5253
1790245451,chi,0
1790245451,gin,0
1790245451,echo,0
1790245451,fiber,5637
1790245451,fasthttp,0
1790245452,stdlib,5296
1790245452,chi,0
1790245452,gin,0
1790245452,echo,0
1790245452,fiber,5637
1790245452,fasthttp,0
1790245453,stdlib,5339
1790245453,chi,0
1790245453,gin,0
1790245453,echo,0
1790245453,fiber,5637
1790245453,fasthttp,0
1790245454,stdlib,5383
1790245454,chi,0
1790245454,gin,0
1790245454,echo,0
1790245454,fiber,5637
1790245454,fasthttp,0
1790245455,stdlib,5426
1790245455,chi,0
1790245455,gin,0
1790245455,echo,0
1790245455,fiber,5637
1790245455,fasthttp,0
1790245456,stdlib,5468
1790245456,chi,0
1790245456,gin,0
1790245456,echo,0
1790245456,fiber,5637
1790245456,fasthttp,0
1790245457,stdlib,5512
1790245457,chi,0
1790245457,gin,0
1790245457,echo,0
1790245457,fiber,5637
1790245457,fasthttp,0
1790245458,stdlib,5559
1790245458,chi,0
1790245458,gin,0
1790245458,echo,0
1790245458,fiber,5637
1790245458,fasthttp,0
1790245459,stdlib,5603
1790245459,chi,0
1790245459,gin,0
1790245459,echo,0
1790245459,fiber,5637
1790245459,fasthttp,0
1790245460,stdlib,5647
1790245460,chi,0
1790245460,gin,0
1790245460,echo,0
1790245460,fiber,5637
1790245460,fasthttp,0
1790245461,stdlib,5689
1790245461,chi,0
1790245461,gin,0
1790245461,echo,0
1790245461,fiber,5637
1790245461,fasthttp,0
1790245462,stdlib,5734
1790245462,chi,0
1790245462,gin,0
1790245462,echo,0
1790245462,fiber,5637
1790245462,fasthttp,0
1790245463,stdlib,5778
1790245463,chi,0
1790245463,gin,0
1790245463,echo,0
1790245463,fiber,5637
1790245463,fasthttp,0
1790245464,stdlib,5823
1790245464,chi,0
1790245464,gin,0
1790245464,echo,0
1790245464,fiber,5637
1790245464,fasthttp,0
1790245465,stdlib,5867
1790245465,chi,0
1790245465,gin,0
1790245465,echo,0
1790245465,fiber,5637
1790245465,fasthttp,0
1790245466,stdlib,5912
1790245466,chi,0
1790245466,gin,0
1790245466,echo,0
1790245466,fiber,5637
1790245466,fasthttp,0
1790245467,stdlib,5958
1790245467,chi,0
1790245467,gin,0
1790245467,echo,0
1790245467,fiber,5637
1790245467,fasthttp,0
1790245468,stdlib,6002
1790245468,chi,0
1790245468,gin,0
1790245468,echo,0
1790245468,fiber,5637
1790245468,fasthttp,0
1790245469,stdlib,6047
1790245469,chi,0
1790245469,gin,0
1790245469,echo,0
1790245469,fiber,5637
1790245469,fasthttp,0
1790245470,stdlib,6092
1790245470,chi,0
1790245470,gin,0
1790245470,echo,0
1790245470,fiber,5637
1790245470,fasthttp,0
1790245471,stdlib,6138
1790245471,chi,0
1790245471,gin,0
1790245471,echo,0
1790245471,fiber,5637
1790245471,fasthttp,0
1790245472,stdlib,6184
1790245472,chi,0
1790245472,gin,0
1790245472,echo,0
1790245472,fiber,5638
1790245472,fasthttp,0
1790245473,stdlib,6228
1790245473,chi,0
1790245473,gin,0
1790245473,echo,0
1790245473,fiber,5638
1790245473,fasthttp,0
1790245474,stdlib,6273
1790245474,chi,0
1790245474,gin,0
1790245474,echo,0
1790245474,fiber,5638
1790245474,fasthttp,0
1790245475,stdlib,6317
1790245475,chi,0
1790245475,gin,0
1790245475,echo,0
1790245475,fiber,5638
1790245475,fasthttp,0
1790245476,stdlib,6361
1790245476,chi,0
1790245476,gin,0
1790245476,echo,0
1790245476,fiber,5638
1790245476,fasthttp,0
1790245477,stdlib,6408
1790245477,chi,0
1790245477,gin,0
1790245477,echo,0
1790245477,fiber,5638
1790245477,fasthttp,0
1790245478,stdlib,6453
1790245478,chi,0
1790245478,gin,0
1790245478,echo,0
1790245478,fiber,5638
1790245478,fasthttp,0
1790245479,stdlib,6499
1790245479,chi,0
1790245479,gin,0
1790245479,echo,0
1790245479,fiber,5638
1790245479,fasthttp,0
1790245480,stdlib,6545
1790245480,chi,0
1790245480,gin,0
1790245480,echo,0
1790245480,fiber,5638
1790245480,fasthttp,0
1790245481,stdlib,6591
1790245481,chi,0
1790245481,gin,0
1790245481,echo,0
1790245481,fiber,5638
1790245481,fasthttp,0
1790245482,stdlib,6637
1790245482,chi,0
1790245482,gin,0
1790245482,echo,0
1790245482,fiber,5638
1790245482,fasthttp,0
1790245483,stdlib,6682
1790245483,chi,0
1790245483,gin,0
1790245483,echo,0
1790245483,fiber,5638
1790245483,fasthttp,0
1790245484,stdlib,6727
1790245484,chi,0
1790245484,gin,0
1790245484,echo,0
1790245484,fiber,5638
1790245484,fasthttp,0
1790245485,stdlib,6772
1790245485,chi,0
1790245485,gin,0
1790245485,echo,0
1790245485,fiber,5638
1790245485,fasthttp,0
1790245486,stdlib,6817
1790245486,chi,0
1790245486,gin,0
1790245486,echo,0
1790245486,fiber,5638
1790245486,fasthttp,0
1790245487,stdlib,6863
1790245487,chi,0
1790245487,gin,0
1790245487,echo,0
1790245487,fiber,5638
1790245487,fasthttp,0
1790245488,stdlib,6907
1790245488,chi,0
1790245488,gin,0
1790245488,echo,0
1790245488,fiber,5638
1790245488,fasthttp,0
1790245490,stdlib,6953
1790245490,chi,0
1790245490,gin,0
1790245490,echo,0
1790245490,fiber,5638
1790245490,fasthttp,0
1790245491,stdlib,6997
1790245491,chi,0
1790245491,gin,0
1790245491,echo,0
1790245491,fiber,5638
1790245491,fasthttp,0
1790245492,stdlib,7042
1790245492,chi,0
1790245492,gin,0
1790245492,echo,0
1790245492,fiber,5638
1790245492,fasthttp,0
1790245493,stdlib,7089
1790245493,chi,0
1790245493,gin,0
1790245493,echo,0
1790245493,fiber,5638
1790245493,fasthttp,0
1790245494,stdlib,7133
1790245494,chi,0
1790245494,gin,0
1790245494,echo,0
1790245494,fiber,5638
1790245494,fasthttp,0
1790245495,stdlib,7178
1790245495,chi,0
1790245495,gin,0
1790245495,echo,0
1790245495,fiber,5638
1790245495,fasthttp,0
1790245496,stdlib,7224
1790245496,chi,0
1790245496,gin,0
1790245496,echo,0
1790245496,fiber,5638
1790245496,fasthttp,0
1790245497,stdlib,7268
1790245497,chi,0
1790245497,gin,0
1790245497,echo,0
1790245497,fiber,5638
1790245497,fasthttp,0
1790245498,stdlib,7315
1790245498,chi,0
1790245498,gin,0
1790245498,echo,0
1790245498,fiber,5638
1790245498,fasthttp,0
1790245499,stdlib,7326
1790245499,chi,0
1790245499,gin,0
1790245499,echo,0
1790245499,fiber,5638
1790245499,fasthttp,0
1790245500,stdlib,7326
1790245500,chi,0
1790245500,gin,0
1790245500,echo,0
1790245500,fiber,5638
1790245500,fasthttp,0
1790245501,stdlib,7326
1790245501,chi,0
1790245501,gin,0
1790245501,echo,0
1790245501,fiber,5638
1790245501,fasthttp,1
1790245502,stdlib,7326
1790245502,chi,0
1790245502,gin,0
1790245502,echo,0
1790245502,fiber,5638
1790245502,fasthttp,1
1790245503,stdlib,7326
1790245503,chi,0
1790245503,gin,0
1790245503,echo,0
1790245503,fiber,5638
1790245503,fasthttp,1
1790245504,stdlib,7326
1790245504,chi,0
1790245504,gin,0
1790245504,echo,0
1790245504,fiber,5638
1790245504,fasthttp,1
1790245505,stdlib,7326
1790245505,chi,0
1790245505,gin,0
1790245505,echo,0
1790245505,fiber,5638
1790245505,fasthttp,1
1790245506,stdlib,7326
1790245506,chi,0
1790245506,gin,0
1790245506,echo,0
1790245506,fiber,5638
1790245506,fasthttp,1
1790245507,stdlib,7326
1790245507,chi,0
1790245507,gin,0
1790245507,echo,0
1790245507,fiber,5638
1790245507,fasthttp,1
1790245508,stdlib,7326
1790245508,chi,0
1790245508,gin,0
1790245508,echo,0
1790245508,fiber,5638
1790245508,fasthttp,1
1790245509,stdlib,7386
1790245509,chi,0
1790245509,gin,0
1790245509,echo,0
1790245509,fiber,5638
1790245509,fasthttp,1
1790245510,stdlib,7463
1790245510,chi,0
1790245510,gin,0
1790245510,echo,0
1790245510,fiber,5638
1790245510,fasthttp,1
1790245511,stdlib,7541
1790245511,chi,0
1790245511,gin,0
1790245511,echo,0
1790245511,fiber,5638
1790245511,fasthttp,1
1790245512,stdlib,7619
1790245512,chi,0
1790245512,gin,0
1790245512,echo,0
1790245512,fiber,5638
1790245512,fasthttp,1
1790245513,stdlib,7697
1790245513,chi,0
1790245513,gin,0
1790245513,echo,0
1790245513,fiber,5638
1790245513,fasthttp,1
1790245514,stdlib,7776
1790245514,chi,0
1790245514,gin,0
1790245514,echo,0
1790245514,fiber,5638
1790245514,fasthttp,1
1790245515,stdlib,7854
1790245515,chi,0
1790245515,gin,0
1790245515,echo,0
1790245515,fiber,5638
1790245515,fasthttp,1
1790245516,stdlib,7931
1790245516,chi,0
1790245516,gin,0
1790245516,echo,0
1790245516,fiber,5638
1790245516,fasthttp,1
1790245517,stdlib,8008
1790245517,chi,0
1790245517,gin,0
1790245517,echo,0
1790245517,fiber,5638
1790245517,fasthttp,1
1790245518,stdlib,8085
1790245518,chi,0
1790245518,gin,0
1790245518,echo,0
1790245518,fiber,5638
1790245518,fasthttp,1
1790245519,stdlib,8163
1790245519,chi,0
1790245519,gin,0
1790245519,echo,0
1790245519,fiber,5638
1790245519,fasthttp,1
1790245520,stdlib,8240
1790245520,chi,0
1790245520,gin,0
1790245520,echo,0
1790245520,fiber,5638
1790245520,fasthttp,1
1790245521,stdlib,8317
1790245521,chi,0
1790245521,gin,0
1790245521,echo,0
1790245521,fiber,5638
1790245521,fasthttp,1
1790245522,stdlib,8394
1790245522,chi,0
1790245522,gin,0
1790245522,echo,0
1790245522,fiber,5639
1790245522,fasthttp,1
1790245523,stdlib,8472
1790245523,chi,0
1790245523,gin,0
1790245523,echo,0
1790245523,fiber,5639
1790245523,fasthttp,1
1790245524,stdlib,8550
1790245524,chi,0
1790245524,gin,0
1790245524,echo,0
1790245524,fiber,5639
1790245524,fasthttp,1
1790245525,stdlib,8627
1790245525,chi,0
1790245525,gin,0
1790245525,echo,0
1790245525,fiber,5639
1790245525,fasthttp,1
1790245526,stdlib,8705
1790245526,chi,0
1790245526,gin,0
1790245526,echo,0
1790245526,fiber,5639
1790245526,fasthttp,1
1790245527,stdlib,8783
1790245527,chi,0
1790245527,gin,0
1790245527,echo,0
1790245527,fiber,5639
1790245527,fasthttp,1
1790245528,stdlib,8862
1790245528,chi,0
1790245528,gin,0
1790245528,echo,0
1790245528,fiber,5639
1790245528,fasthttp,1
1790245529,stdlib,8940
1790245529,chi,0
1790245529,gin,0
1790245529,echo,0
1790245529,fiber,5639
1790245529,fasthttp,1
1790245530,stdlib,9018
1790245530,chi,0
1790245530,gin,0
1790245530,echo,0
1790245530,fiber,5639
1790245530,fasthttp,1
1790245531,stdlib,9096
1790245531,chi,0
1790245531,gin,0
1790245531,echo,0
1790245531,fiber,5639
1790245531,fasthttp,1
1790245532,stdlib,9174
1790245532,chi,0
1790245532,gin,0
1790245532,echo,0
1790245532,fiber,5639
1790245532,fasthttp,1
1790245533,stdlib,9254
1790245533,chi,0
1790245533,gin,0
1790245533,echo,0
1790245533,fiber,5639
1790245533,fasthttp,1
1790245534,stdlib,9332
1790245534,chi,0
1790245534,gin,0
1790245534,echo,0
1790245534,fiber,5639
1790245534,fasthttp,1
1790245535,stdlib,9412
1790245535,chi,0
1790245535,gin,0
1790245535,echo,0
1790245535,fiber,5639
1790245535,fasthttp,1
1790245536,stdlib,9490
1790245536,chi,0
1790245536,gin,0
1790245536,echo,0
1790245536,fiber,5639
1790245536,fasthttp,1
1790245537,stdlib,9569
1790245537,chi,0
1790245537,gin,0
1790245537,echo,0
1790245537,fiber,5639
1790245537,fasthttp,1
1790245538,stdlib,9648
1790245538,chi,0
1790245538,gin,0
1790245538,echo,0
1790245538,fiber,5639
1790245538,fasthttp,1
1790245539,stdlib,9725
1790245539,chi,0
1790245539,gin,0
1790245539,echo,0
1790245539,fiber,5639
1790245539,fasthttp,1
1790245540,stdlib,9803
1790245540,chi,0
1790245540,gin,0
1790245540,echo,0
1790245540,fiber,5639
1790245540,fasthttp,1
1790245541,stdlib,9882
1790245541,chi,0
1790245541,gin,0
1790245541,echo,0
1790245541,fiber,5639
1790245541,fasthttp,1
1790245542,stdlib,9960
1790245542,chi,0
1790245542,gin,0
1790245542,echo,0
1790245542,fiber,5639
1790245542,fasthttp,1
1790245543,stdlib,10039
1790245543,chi,0
1790245543,gin,0
1790245543,echo,0
1790245543,fiber,5639
1790245543,fasthttp,1
1790245544,stdlib,10119
1790245544,chi,0
1790245544,gin,0
1790245544,echo,0
1790245544,fiber,5639
1790245544,fasthttp,1
1790245545,stdlib,10199
1790245545,chi,0
1790245545,gin,0
1790245545,echo,0
1790245545,fiber,5639
1790245545,fasthttp,1
1790245546,stdlib,10277
1790245546,chi,0
1790245546,gin,0
1790245546,echo,0
1790245546,fiber,5639
1790245546,fasthttp,1
1790245547,stdlib,10356
1790245547,chi,0
1790245547,gin,0
1790245547,echo,0
1790245547,fiber,5639
1790245547,fasthttp,1
1790245548,stdlib,10412
1790245548,chi,0
1790245548,gin,0
1790245548,echo,0
1790245548,fiber,5639
1790245548,fasthttp,1
1790245549,stdlib,10412
1790245549,chi,0
1790245549,gin,0
1790245549,echo,0
1790245549,fiber,5639
1790245549,fasthttp,1
1790245550,stdlib,10412
1790245550,chi,0
1790245550,gin,0
1790245550,echo,0
1790245550,fiber,5639
1790245550,fasthttp,1
1790245551,stdlib,10412
1790245551,chi,0
1790245551,gin,0
1790245551,echo,0
1790245551,fiber,5639
1790245551,fasthttp,1
1790245552,stdlib,10412
1790245552,chi,0
1790245552,gin,0
1790245552,echo,0
1790245552,fiber,5639
1790245552,fasthttp,1
1790245553,stdlib,10412
1790245553,chi,0
1790245553,gin,0
1790245553,echo,0
1790245553,fiber,5639
1790245553,fasthttp,1
1790245554,stdlib,10412
1790245554,chi,0
1790245554,gin,0
1790245554,echo,0
1790245554,fiber,5639
1790245554,fasthttp,1
1790245555,stdlib,10412
1790245555,chi,0
1790245555,gin,0
1790245555,echo,0
1790245555,fiber,5639
1790245555,fasthttp,1
1790245556,stdlib,10412
1790245556,chi,0
1790245556,gin,0
1790245556,echo,0
1790245556,fiber,5639
1790245556,fasthttp,1
1790245557,stdlib,10412
1790245557,chi,0
1790245557,gin,0
1790245557,echo,0
1790245557,fiber,5639
1790245557,fasthttp,1
1790245558,stdlib,10412
1790245558,chi,0
1790245558,gin,0
1790245558,echo,0
1790245558,fiber,5639
1790245558,fasthttp,1
1790245559,stdlib,10412
1790245559,chi,0
1790245559,gin,0
1790245559,echo,0
1790245559,fiber,5639
1790245559,fasthttp,1
1790245560,stdlib,10412
1790245560,chi,0
1790245560,gin,0
1790245560,echo,0
1790245560,fiber,5639
1790245560,fasthttp,1
1790245561,stdlib,10412
1790245561,chi,0
1790245561,gin,0
1790245561,echo,0
1790245561,fiber,5639
1790245561,fasthttp,1
1790245562,stdlib,10412
1790245562,chi,0
1790245562,gin,0
1790245562,echo,0
1790245562,fiber,5639
1790245562,fasthttp,1
1790245563,stdlib,10412
1790245563,chi,0
1790245563,gin,0
1790245563,echo,0
1790245563,fiber,5639
1790245563,fasthttp,1
1790245564,stdlib,10412
1790245564,chi,0
1790245564,gin,0
1790245564,echo,0
1790245564,fiber,5639
1790245564,fasthttp,1
1790245565,stdlib,10412
1790245565,chi,0
1790245565,gin,0
1790245565,echo,0
1790245565,fiber,5639
1790245565,fasthttp,1
1790245566,stdlib,10412
1790245566,chi,0
1790245566,gin,0
1790245566,echo,0
1790245566,fiber,5640
1790245566,fasthttp,1
1790245567,stdlib,10412
1790245567,chi,0
1790245567,gin,0
1790245567,echo,0
1790245567,fiber,5640
1790245567,fasthttp,1
1790245568,stdlib,10412
1790245568,chi,0
1790245568,gin,0
1790245568,echo,0
1790245568,fiber,5640
1790245568,fasthttp,1
1790245569,stdlib,10412
1790245569,chi,0
1790245569,gin,0
1790245569,echo,0
1790245569,fiber,5640
1790245569,fasthttp,1
1790245570,stdlib,10412
1790245570,chi,0
1790245570,gin,0
1790245570,echo,0
1790245570,fiber,5640
1790245570,fasthttp,1
1790245571,stdlib,10412
1790245571,chi,0
1790245571,gin,0
1790245571,echo,0
1790245571,fiber,5640
1790245571,fasthttp,1
1790245572,stdlib,10412
1790245572,chi,0
1790245572,gin,0
1790245572,echo,0
1790245572,fiber,5640
1790245572,fasthttp,1
1790245573,stdlib,10412
1790245573,chi,0
1790245573,gin,0
1790245573,echo,0
1790245573,fiber,5640
1790245573,fasthttp,1
1790245574,stdlib,10412
1790245574,chi,0
1790245574,gin,0
1790245574,echo,0
1790245574,fiber,5640
1790245574,fasthttp,1
1790245575,stdlib,10412
1790245575,chi,0
1790245575,gin,0
1790245575,echo,0
1790245575,fiber,5640
1790245575,fasthttp,1
1790245576,stdlib,10412
1790245576,chi,0
1790245576,gin,0
1790245576,echo,0
1790245576,fiber,5640
1790245576,fasthttp,1
1790245577,stdlib,10412
1790245577,chi,0
1790245577,gin,0
1790245577,echo,0
1790245577,fiber,5640
1790245577,fasthttp,1
1790245578,stdlib,10412
1790245578,chi,0
1790245578,gin,0
1790245578,echo,0
1790245578,fiber,5640
1790245578,fasthttp,1
1790245579,stdlib,10412
1790245579,chi,0
1790245579,gin,0
1790245579,echo,0
1790245579,fiber,5640
1790245579,fasthttp,1
1790245580,stdlib,10412
1790245580,chi,0
1790245580,gin,0
1790245580,echo,0
1790245580,fiber,5640
1790245580,fasthttp,1
1790245581,stdlib,10412
1790245581,chi,0
1790245581,gin,0
1790245581,echo,0
1790245581,fiber,5640
1790245581,fasthttp,1
1790245582,stdlib,10412
1790245582,chi,0
1790245582,gin,0
1790245582,echo,0
1790245582,fiber,5640
1790245582,fasthttp,1
1790245583,stdlib,10412
1790245583,chi,0
1790245583,gin,0
1790245583,echo,0
1790245583,fiber,5640
1790245583,fasthttp,1
1790245585,stdlib,10412
1790245585,chi,0
1790245585,gin,0
1790245585,echo,0
1790245585,fiber,5640
1790245585,fasthttp,1
1790245586,stdlib,10412
1790245586,chi,0
1790245586,gin,0
1790245586,echo,0
1790245586,fiber,5640
1790245586,fasthttp,1
1790245587,stdlib,10412
1790245587,chi,0
1790245587,gin,0
1790245587,echo,0
1790245587,fiber,5640
1790245587,fasthttp,1
1790245588,stdlib,10412
1790245588,chi,0
1790245588,gin,0
1790245588,echo,0
1790245588,fiber,5640
1790245588,fasthttp,1
1790245589,stdlib,10412
1790245589,chi,0
1790245589,gin,0
1790245589,echo,0
1790245589,fiber,5640
1790245589,fasthttp,1
1790245590,stdlib,10412
1790245590,chi,0
1790245590,gin,0
1790245590,echo,0
1790245590,fiber,5640
1790245590,fasthttp,1
1790245591,stdlib,10412
1790245591,chi,0
1790245591,gin,0
1790245591,echo,0
1790245591,fiber,5640
1790245591,fasthttp,1
1790245592,stdlib,10412
1790245592,chi,0
1790245592,gin,0
1790245592,echo,0
1790245592,fiber,5640
1790245592,fasthttp,1
1790245593,stdlib,10412
1790245593,chi,0
1790245593,gin,0
1790245593,echo,0
1790245593,fiber,5640
1790245593,fasthttp,1
1790245594,stdlib,10412
1790245594,chi,0
1790245594,gin,0
1790245594,echo,0
1790245594,fiber,5640
1790245594,fasthttp,1
1790245595,stdlib,10412
1790245595,chi,0
1790245595,gin,0
1790245595,echo,0
1790245595,fiber,5640
1790245595,fasthttp,1
1790245596,stdlib,10412
1790245596,chi,0
1790245596,gin,0
1790245596,echo,0
1790245596,fiber,5640
1790245596,fasthttp,1
1790245597,stdlib,10412
1790245597,chi,0
1790245597,gin,0
1790245597,echo,0
1790245597,fiber,5640
1790245597,fasthttp,1
1790245598,stdlib,10412
1790245598,chi,0
1790245598,gin,0
1790245598,echo,0
1790245598,fiber,5640
1790245598,fasthttp,1
