rep,scenario,framework,rate,start_epoch,end_epoch
1,get,chi,10000,1790245785,1790245825
1,get,chi,20000,1790245835,1790245875
1,get,chi,40000,1790245885,1790245925
1,get,chi,60000,1790245935,1790245975
1,get,chi,80000,1790245985,1790246025
1,get,chi,100000,1790246035,1790246075
1,get,stdlib,10000,1790246100,1790246140
1,get,stdlib,20000,1790246150,1790246190
1,get,stdlib,40000,1790246200,1790246240
1,get,stdlib,60000,1790246250,1790246290
1,get,stdlib,80000,1790246300,1790246340
1,get,stdlib,100000,1790246350,1790246390
1,get,echo,10000,1790246415,1790246455
1,get,echo,20000,1790246465,1790246505
1,get,echo,40000,1790246515,1790246555
1,get,echo,60000,1790246565,1790246605
1,get,echo,80000,1790246615,1790246655
1,get,echo,100000,1790246665,1790246705
1,get,fiber,10000,1790246730,1790246770
1,get,fiber,20000,1790246780,1790246820
1,get,fiber,40000,1790246830,1790246870
1,get,fiber,60000,1790246880,1790246920
1,get,fiber,80000,1790246930,1790246970
1,get,fiber,100000,1790246980,1790247020
1,get,fiber,125000,1790247030,1790247070
1,get,fiber,150000,1790247080,1790247120
1,get,fiber,200000,1790247130,1790247170
1,get,gin,10000,1790247195,1790247235
1,get,gin,20000,1790247245,1790247286
1,get,gin,40000,1790247296,1790247336
1,get,gin,60000,1790247346,1790247386
1,get,gin,80000,1790247396,1790247436
1,get,gin,100000,1790247446,1790247486
1,get,fasthttp,10000,1790247511,1790247551
1,get,fasthttp,20000,1790247561,1790247601
1,get,fasthttp,40000,1790247611,1790247651
1,get,fasthttp,60000,1790247661,1790247701
1,get,fasthttp,80000,1790247711,1790247751
1,get,fasthttp,100000,1790247761,1790247801
1,get,fasthttp,125000,1790247811,1790247851
1,get,fasthttp,150000,1790247861,1790247901
1,get,fasthttp,200000,1790247911,1790247951
1,post,gin,10000,1790247976,1790248016
1,post,gin,20000,1790248026,1790248066
1,post,gin,40000,1790248076,1790248116
1,post,gin,60000,1790248126,1790248166
1,post,gin,80000,1790248176,1790248216
1,post,fasthttp,10000,1790248241,1790248281
1,post,fasthttp,20000,1790248291,1790248331
1,post,fasthttp,40000,1790248341,1790248381
1,post,fasthttp,60000,1790248391,1790248431
1,post,fasthttp,80000,1790248441,1790248481
1,post,fasthttp,100000,1790248491,1790248531
1,post,fasthttp,125000,1790248541,1790248581
1,post,fasthttp,150000,1790248591,1790248631
1,post,fiber,10000,1790248656,1790248696
1,post,fiber,20000,1790248706,1790248746
1,post,fiber,40000,1790248756,1790248796
1,post,fiber,60000,1790248806,1790248846
1,post,fiber,80000,1790248856,1790248896
1,post,fiber,100000,1790248906,1790248946
1,post,fiber,125000,1790248956,1790248996
1,post,fiber,150000,1790249006,1790249046
1,post,chi,10000,1790249072,1790249112
1,post,chi,20000,1790249122,1790249162
1,post,chi,40000,1790249172,1790249212
1,post,chi,60000,1790249222,1790249262
1,post,chi,80000,1790249272,1790249312
1,post,stdlib,10000,1790249337,1790249377
1,post,stdlib,20000,1790249387,1790249427
1,post,stdlib,40000,1790249437,1790249477
1,post,stdlib,60000,1790249487,1790249527
1,post,stdlib,80000,1790249537,1790249577
1,post,echo,10000,1790249602,1790249642
1,post,echo,20000,1790249652,1790249692
1,post,echo,40000,1790249702,1790249742
1,post,echo,60000,1790249752,1790249792
1,post,echo,80000,1790249802,1790249842
2,get,gin,10000,1790249867,1790249907
2,get,gin,20000,1790249917,1790249957
2,get,gin,40000,1790249967,1790250007
2,get,gin,60000,1790250017,1790250057
2,get,gin,80000,1790250067,1790250107
2,get,gin,100000,1790250117,1790250157
2,get,stdlib,10000,1790250182,1790250222
2,get,stdlib,20000,1790250232,1790250272
2,get,stdlib,40000,1790250282,1790250322
2,get,stdlib,60000,1790250332,1790250372
2,get,stdlib,80000,1790250382,1790250422
2,get,stdlib,100000,1790250432,1790250472
2,get,echo,10000,1790250497,1790250537
2,get,echo,20000,1790250547,1790250588
2,get,echo,40000,1790250598,1790250638
2,get,echo,60000,1790250648,1790250688
2,get,echo,80000,1790250698,1790250738
2,get,echo,100000,1790250748,1790250788
2,get,chi,10000,1790250813,1790250853
2,get,chi,20000,1790250863,1790250903
2,get,chi,40000,1790250913,1790250953
2,get,chi,60000,1790250963,1790251003
2,get,chi,80000,1790251013,1790251053
2,get,chi,100000,1790251063,1790251103
2,get,fiber,10000,1790251128,1790251168
2,get,fiber,20000,1790251178,1790251218
2,get,fiber,40000,1790251228,1790251268
2,get,fiber,60000,1790251278,1790251318
2,get,fiber,80000,1790251328,1790251368
2,get,fiber,100000,1790251378,1790251418
2,get,fiber,125000,1790251428,1790251468
2,get,fiber,150000,1790251478,1790251518
2,get,fiber,200000,1790251528,1790251568
2,get,fasthttp,10000,1790251593,1790251633
2,get,fasthttp,20000,1790251643,1790251683
2,get,fasthttp,40000,1790251693,1790251733
2,get,fasthttp,60000,1790251743,1790251783
2,get,fasthttp,80000,1790251793,1790251833
2,get,fasthttp,100000,1790251843,1790251883
2,get,fasthttp,125000,1790251893,1790251933
2,get,fasthttp,150000,1790251943,1790251983
2,get,fasthttp,200000,1790251993,1790252033
2,post,fasthttp,10000,1790252058,1790252098
2,post,fasthttp,20000,1790252108,1790252148
2,post,fasthttp,40000,1790252158,1790252198
2,post,fasthttp,60000,1790252208,1790252248
2,post,fasthttp,80000,1790252258,1790252298
2,post,fasthttp,100000,1790252308,1790252348
2,post,fasthttp,125000,1790252358,1790252398
2,post,fasthttp,150000,1790252408,1790252449
2,post,chi,10000,1790252474,1790252514
2,post,chi,20000,1790252524,1790252564
2,post,chi,40000,1790252574,1790252614
2,post,chi,60000,1790252624,1790252664
2,post,chi,80000,1790252674,1790252714
2,post,echo,10000,1790252739,1790252779
2,post,echo,20000,1790252789,1790252829
2,post,echo,40000,1790252839,1790252879
2,post,echo,60000,1790252889,1790252929
2,post,echo,80000,1790252939,1790252979
2,post,fiber,10000,1790253004,1790253044
2,post,fiber,20000,1790253054,1790253094
2,post,fiber,40000,1790253104,1790253144
2,post,fiber,60000,1790253154,1790253194
2,post,fiber,80000,1790253204,1790253244
2,post,fiber,100000,1790253254,1790253294
2,post,fiber,125000,1790253304,1790253344
2,post,fiber,150000,1790253354,1790253394
2,post,gin,10000,1790253419,1790253459
2,post,gin,20000,1790253469,1790253509
2,post,gin,40000,1790253519,1790253559
2,post,gin,60000,1790253569,1790253609
2,post,gin,80000,1790253619,1790253659
2,post,stdlib,10000,1790253684,1790253724
2,post,stdlib,20000,1790253734,1790253774
2,post,stdlib,40000,1790253784,1790253824
2,post,stdlib,60000,1790253834,1790253874
2,post,stdlib,80000,1790253884,1790253924
3,get,echo,10000,1790253950,1790253990
3,get,echo,20000,1790254000,1790254040
3,get,echo,40000,1790254050,1790254090
3,get,echo,60000,1790254100,1790254140
3,get,echo,80000,1790254150,1790254190
3,get,echo,100000,1790254200,1790254240
3,get,gin,10000,1790254265,1790254305
3,get,gin,20000,1790254315,1790254355
3,get,gin,40000,1790254365,1790254405
3,get,gin,60000,1790254415,1790254455
3,get,gin,80000,1790254465,1790254505
3,get,gin,100000,1790254515,1790254555
3,get,fasthttp,10000,1790254580,1790254620
3,get,fasthttp,20000,1790254630,1790254670
3,get,fasthttp,40000,1790254680,1790254720
3,get,fasthttp,60000,1790254730,1790254770
3,get,fasthttp,80000,1790254780,1790254820
3,get,fasthttp,100000,1790254830,1790254870
3,get,fasthttp,125000,1790254880,1790254920
3,get,fasthttp,150000,1790254930,1790254970
3,get,fasthttp,200000,1790254980,1790255020
3,get,fiber,10000,1790255045,1790255085
3,get,fiber,20000,1790255095,1790255135
3,get,fiber,40000,1790255145,1790255185
3,get,fiber,60000,1790255195,1790255235
3,get,fiber,80000,1790255245,1790255285
3,get,fiber,100000,1790255295,1790255335
3,get,fiber,125000,1790255345,1790255385
3,get,fiber,150000,1790255395,1790255435
3,get,fiber,200000,1790255445,1790255485
3,get,stdlib,10000,1790255510,1790255550
3,get,stdlib,20000,1790255560,1790255600
3,get,stdlib,40000,1790255610,1790255650
3,get,stdlib,60000,1790255660,1790255701
3,get,stdlib,80000,1790255711,1790255751
3,get,stdlib,100000,1790255761,1790255801
3,get,chi,10000,1790255826,1790255866
3,get,chi,20000,1790255876,1790255916
3,get,chi,40000,1790255926,1790255966
3,get,chi,60000,1790255976,1790256016
3,get,chi,80000,1790256026,1790256066
3,get,chi,100000,1790256076,1790256116
3,post,gin,10000,1790256141,1790256181
3,post,gin,20000,1790256191,1790256231
3,post,gin,40000,1790256241,1790256281
3,post,gin,60000,1790256291,1790256331
3,post,gin,80000,1790256341,1790256381
3,post,stdlib,10000,1790256406,1790256446
3,post,stdlib,20000,1790256456,1790256496
3,post,stdlib,40000,1790256506,1790256546
3,post,stdlib,60000,1790256556,1790256596
3,post,stdlib,80000,1790256606,1790256646
3,post,echo,10000,1790256671,1790256711
3,post,echo,20000,1790256721,1790256761
3,post,echo,40000,1790256771,1790256811
3,post,echo,60000,1790256821,1790256861
3,post,echo,80000,1790256871,1790256911
3,post,chi,10000,1790256936,1790256976
3,post,chi,20000,1790256986,1790257026
3,post,chi,40000,1790257036,1790257076
3,post,chi,60000,1790257086,1790257126
3,post,chi,80000,1790257136,1790257176
3,post,fasthttp,10000,1790257202,1790257242
3,post,fasthttp,20000,1790257252,1790257292
3,post,fasthttp,40000,1790257302,1790257342
3,post,fasthttp,60000,1790257352,1790257392
3,post,fasthttp,80000,1790257402,1790257442
3,post,fasthttp,100000,1790257452,1790257492
3,post,fasthttp,125000,1790257502,1790257542
3,post,fasthttp,150000,1790257552,1790257592
3,post,fiber,10000,1790257617,1790257657
3,post,fiber,20000,1790257667,1790257707
3,post,fiber,40000,1790257717,1790257757
3,post,fiber,60000,1790257767,1790257807
3,post,fiber,80000,1790257817,1790257857
3,post,fiber,100000,1790257867,1790257907
3,post,fiber,125000,1790257917,1790257957
3,post,fiber,150000,1790257967,1790258007
